,filename,category,source,supercategory
0,music-hd-0048,westernart/classical,accompaniment,music
1,music-jamendo-0200,indierock/pop,accompaniment,music
2,music-jamendo-0041,pop/soul/electronica,accompaniment,music
3,music-rfm-0028,electronica,accompaniment,music
4,music-fma-wa-0000,westernart/classical,accompaniment,music
5,music-fma-wa-0066,westernart/classical,accompaniment,music
6,music-rfm-0022,jazz,accompaniment,music
7,music-rfm-0138,electronica,accompaniment,music
8,music-rfm-0019,electronica,accompaniment,music
9,music-fma-0003,electronica,accompaniment,music
10,music-jamendo-0072,pop/hiphop/rock,accompaniment,music
11,music-jamendo-0082,rap/hiphop,accompaniment,music
12,music-hd-0015,westernart/classical,accompaniment,music
13,music-rfm-0110,rock,accompaniment,music
14,music-rfm-0023,rock,accompaniment,music
15,music-fma-0040,rock/folk,accompaniment,music
16,music-fma-wa-0005,westernart/baroque,accompaniment,music
17,music-hd-0041,westernart/baroque,accompaniment,music
18,music-rfm-0005,electronica,accompaniment,music
19,music-rfm-0016,rock,accompaniment,music
20,music-rfm-0029,electronica,accompaniment,music
21,music-jamendo-0173,electronica,accompaniment,music
22,music-jamendo-0052,electronica/dance,accompaniment,music
23,music-fma-wa-0045,westernart/romantic,accompaniment,music
24,music-jamendo-0070,pop/hiphop/rock,accompaniment,music
25,music-fma-wa-0016,westernart/baroque,accompaniment,music
26,music-rfm-0017,electronica,accompaniment,music
27,music-hd-0022,westernart/romantic,accompaniment,music
28,music-rfm-0031,jazz,accompaniment,music
29,music-rfm-0076,electronica,accompaniment,music
30,music-fma-wa-0003,westernart/baroque,accompaniment,music
31,music-rfm-0128,jazz,accompaniment,music
32,music-fma-wa-0031,westernart/classical,accompaniment,music
33,music-rfm-0059,electronica,accompaniment,music
34,music-fma-0054,blues,accompaniment,music
35,music-fma-wa-0021,westernart/baroque,accompaniment,music
36,music-jamendo-0154,jazz,accompaniment,music
37,music-jamendo-0043,electronica,accompaniment,music
38,music-rfm-0066,electronica,accompaniment,music
39,music-rfm-0112,jazz,accompaniment,music
40,music-hd-0050,westernart/classical,accompaniment,music
41,music-fma-0002,electronica,accompaniment,music
42,music-fma-0072,pop/folk,accompaniment,music
43,music-fma-wa-0040,westernart/romantic/classical,accompaniment,music
44,music-fma-0102,pop/electronica,accompaniment,music
45,music-fma-wa-0007,westernart/baroque,accompaniment,music
46,music-rfm-0064,electronica,accompaniment,music
47,music-hd-0031,westernart/romantic,accompaniment,music
48,music-fma-wa-0017,westernart/baroque,accompaniment,music
49,music-hd-0026,westernart/romantic,accompaniment,music
50,music-rfm-0123,electronica,accompaniment,music
51,music-rfm-0105,electronica,accompaniment,music
52,music-rfm-0125,electronica,accompaniment,music
53,music-hd-0023,westernart/romantic,accompaniment,music
54,music-hd-0059,westernart/romantic,accompaniment,music
55,music-fma-0037,rock/folk,accompaniment,music
56,music-rfm-0024,jazz,accompaniment,music
57,music-hd-0001,westernart/classical,accompaniment,music
58,music-hd-0058,westernart/romantic,accompaniment,music
59,music-jamendo-0157,latin,accompaniment,music
60,music-rfm-0003,electronica,accompaniment,music
61,music-hd-0062,westernart/romantic,accompaniment,music
62,music-rfm-0121,rock,accompaniment,music
63,music-fma-0041,rock/folk,accompaniment,music
64,music-fma-wa-0012,westernart/baroque,accompaniment,music
65,music-fma-0058,country/folk,accompaniment,music
66,music-rfm-0026,jazz,accompaniment,music
67,music-fma-wa-0030,westernart/classical,accompaniment,music
68,music-rfm-0012,rock,accompaniment,music
69,music-fma-wa-0077,westernart/romantic,accompaniment,music
70,music-hd-0029,westernart/romantic,accompaniment,music
71,music-rfm-0042,rock,accompaniment,music
72,music-rfm-0118,jazz,accompaniment,music
73,music-rfm-0072,electronica,accompaniment,music
74,music-rfm-0036,jazz,accompaniment,music
75,music-rfm-0103,rock,accompaniment,music
76,music-rfm-0074,jazz,accompaniment,music
77,music-rfm-0078,blues,accompaniment,music
78,music-rfm-0093,jazz,accompaniment,music
79,music-rfm-0124,rock,accompaniment,music
80,music-fma-0049,indierock/folk/pop,accompaniment,music
81,music-fma-wa-0080,westernart/romantic,accompaniment,music
82,music-hd-0036,westernart/baroque,accompaniment,music
83,music-fma-wa-0043,westernart/romantic/classical,accompaniment,music
84,music-rfm-0027,electronica,accompaniment,music
85,music-fma-wa-0075,westernart/romantic,accompaniment,music
86,music-hd-0069,westernart/romantic,accompaniment,music
87,music-rfm-0084,electronica,accompaniment,music
88,music-fma-0005,electronica,accompaniment,music
89,music-hd-0037,westernart/baroque,accompaniment,music
90,music-hd-0027,westernart/romantic,accompaniment,music
91,music-rfm-0060,electronica,accompaniment,music
92,music-rfm-0115,electronica,accompaniment,music
93,music-jamendo-0049,electronica,accompaniment,music
94,music-fma-0120,jazz/blues,accompaniment,music
95,music-hd-0002,westernart/classical,accompaniment,music
96,music-rfm-0056,jazz,accompaniment,music
97,music-rfm-0037,electronica,accompaniment,music
98,music-hd-0054,westernart/classical,accompaniment,music
99,music-hd-0053,westernart/classical,accompaniment,music
100,music-rfm-0044,electronica,accompaniment,music
101,music-fma-wa-0015,westernart/romantic,accompaniment,music
102,music-hd-0032,westernart/romantic,accompaniment,music
103,music-hd-0021,westernart/romantic,accompaniment,music
104,music-rfm-0025,jazz,accompaniment,music
105,music-fma-wa-0049,westernart/baroque,accompaniment,music
106,music-rfm-0057,electronica,accompaniment,music
107,music-rfm-0061,rock,accompaniment,music
108,music-jamendo-0048,electronica,accompaniment,music
109,music-rfm-0034,electronica,accompaniment,music
110,music-rfm-0140,jazz,accompaniment,music
111,music-rfm-0101,rock,accompaniment,music
112,music-rfm-0045,jazz,accompaniment,music
113,music-fma-0038,rock/folk,accompaniment,music
114,music-fma-0048,indierock/folk/pop,accompaniment,music
115,music-fma-wa-0063,westernart/baroque,accompaniment,music
116,music-hd-0068,westernart/romantic,accompaniment,music
117,music-jamendo-0149,pop/rap/rock/hiphop,accompaniment,music
118,music-rfm-0097,rock,accompaniment,music
119,music-rfm-0096,electronica,accompaniment,music
120,music-rfm-0079,electronica,accompaniment,music
121,music-rfm-0111,rock,accompaniment,music
122,music-fma-wa-0044,westernart/romantic,accompaniment,music
123,music-fma-0004,electronica,accompaniment,music
124,music-rfm-0116,electronica,accompaniment,music
125,music-fma-wa-0074,westernart/romantic,accompaniment,music
126,music-rfm-0137,jazz,accompaniment,music
127,music-jamendo-0151,pop/rap/rock/hiphop,accompaniment,music
128,music-fma-0050,pop/experimental,accompaniment,music
129,music-hd-0071,westernart/romantic,accompaniment,music
130,music-rfm-0040,electronica,accompaniment,music
131,music-rfm-0102,electronica,accompaniment,music
132,music-jamendo-0084,rap/hiphop,accompaniment,music
133,music-fma-wa-0019,westernart/baroque,accompaniment,music
134,music-hd-0007,westernart/romantic,accompaniment,music
135,music-hd-0018,westernart/romantic,accompaniment,music
136,music-hd-0033,westernart/classical,accompaniment,music
137,music-rfm-0021,rock,accompaniment,music
138,music-fma-0000,electronica,accompaniment,music
139,music-fma-0029,pop/electronica,accompaniment,music
140,music-fma-wa-0068,westernart/romantic,accompaniment,music
141,music-rfm-0062,jazz,accompaniment,music
142,music-fma-wa-0076,westernart/romantic,accompaniment,music
143,music-jamendo-0178,electronica,accompaniment,music
144,music-rfm-0130,rock,accompaniment,music
145,music-rfm-0132,electronica,accompaniment,music
146,music-fma-wa-0064,westernart/baroque,accompaniment,music
147,music-rfm-0122,electronica,accompaniment,music
148,music-fma-wa-0071,westernart/romantic,accompaniment,music
149,music-hd-0005,westernart/romantic,accompaniment,music
150,music-jamendo-0189,blues/rock/jazz,accompaniment,music
151,music-hd-0003,westernart/romantic,accompaniment,music
152,music-fma-0001,electronica,accompaniment,music
153,music-rfm-0052,electronica,accompaniment,music
154,music-jamendo-0001,jazz/adventure,accompaniment,music
155,music-jamendo-0007,jazz/adventure,accompaniment,music
156,music-fma-0036,rock/folk,accompaniment,music
157,music-jamendo-0159,blues/electronica,accompaniment,music
158,music-fma-wa-0042,westernart/classical,accompaniment,music
159,music-hd-0061,westernart/romantic,accompaniment,music
160,music-rfm-0086,rock,accompaniment,music
161,music-rfm-0087,rock,accompaniment,music
162,music-hd-0030,westernart/romantic,accompaniment,music
163,music-rfm-0015,rock,accompaniment,music
164,music-jamendo-0002,jazz/adventure,accompaniment,music
165,music-rfm-0144,blues,accompaniment,music
166,music-rfm-0035,blues,accompaniment,music
167,music-rfm-0099,blues,accompaniment,music
168,music-fma-wa-0041,westernart/classical,accompaniment,music
169,music-fma-0098,pop/electronica,accompaniment,music
170,music-rfm-0068,electronica,accompaniment,music
171,music-fma-0052,indierock/folk/pop,accompaniment,music
172,music-rfm-0006,jazz,accompaniment,music
173,music-jamendo-0150,pop/rap/rock/hiphop,accompaniment,music
174,music-fma-0010,blues,accompaniment,music
175,music-fma-wa-0010,westernart/baroque,accompaniment,music
176,music-rfm-0142,rock,accompaniment,music
177,music-rfm-0011,rock,accompaniment,music
178,music-hd-0039,westernart/romantic,accompaniment,music
179,music-fma-0057,indierock/folk/pop,accompaniment,music
180,music-hd-0055,westernart/romantic,accompaniment,music
181,music-rfm-0092,jazz,accompaniment,music
182,music-hd-0063,westernart/romantic,accompaniment,music
183,music-rfm-0048,rock,accompaniment,music
184,music-jamendo-0109,jazz/adventure,accompaniment,music
185,music-fma-wa-0023,westernart/baroque,accompaniment,music
186,music-jamendo-0039,jazz/pop/soul,accompaniment,music
187,music-jamendo-0172,electronica,accompaniment,music
188,music-fma-wa-0050,westernart/baroque,accompaniment,music
189,music-fma-wa-0082,westernart/romantic,accompaniment,music
190,music-jamendo-0047,electronica,accompaniment,music
191,music-jamendo-0108,funk/electronica,accompaniment,music
192,music-jamendo-0004,jazz/adventure,accompaniment,music
193,music-jamendo-0050,electronica/dance,accompaniment,music
194,music-rfm-0043,rock,accompaniment,music
195,music-fma-0034,rock/folk,accompaniment,music
196,music-rfm-0004,jazz,accompaniment,music
197,music-fma-0051,folk/pop,accompaniment,music
198,music-jamendo-0199,indierock/rock,accompaniment,music
199,music-hd-0019,westernart/romantic,accompaniment,music
200,music-hd-0060,westernart/romantic,accompaniment,music
201,music-rfm-0095,electronica,accompaniment,music
202,music-rfm-0090,jazz,accompaniment,music
203,music-jamendo-0156,jazz/electronica,accompaniment,music
204,music-fma-0103,pop/electronica,accompaniment,music
205,music-rfm-0127,rock,accompaniment,music
206,music-hd-0012,westernart/romantic,accompaniment,music
207,music-jamendo-0177,electronica,accompaniment,music
208,music-fma-wa-0004,westernart/baroque,accompaniment,music
209,music-jamendo-0158,jazz,accompaniment,music
210,music-rfm-0039,rock,accompaniment,music
211,music-rfm-0120,blues,accompaniment,music
212,music-rfm-0104,rock,accompaniment,music
213,music-fma-0011,blues,accompaniment,music
214,music-hd-0067,westernart/romantic,accompaniment,music
215,music-fma-0117,hiphop,accompaniment,music
216,music-jamendo-0205,funk/rnb/adventure,accompaniment,music
217,music-rfm-0054,jazz,accompaniment,music
218,music-rfm-0089,blues,accompaniment,music
219,music-jamendo-0003,jazz,accompaniment,music
220,music-jamendo-0063,pop,accompaniment,music
221,music-rfm-0075,jazz,accompaniment,music
222,music-fma-0100,pop/electronica,accompaniment,music
223,music-fma-wa-0051,westernart/baroque,accompaniment,music
224,music-fma-wa-0008,westernart/baroque,accompaniment,music
225,music-fma-wa-0036,westernart/classical,accompaniment,music
226,m1233,Male,human,non-music
227,m1709,Male,human,non-music
228,m3387,Male,human,non-music
229,m2512,Male,human,non-music
230,m1978,Male,human,non-music
231,f39,Female,human,non-music
232,f2077,Female,human,non-music
233,f1195,Female,human,non-music
234,m3239,Male,human,non-music
235,f71,Female,human,non-music
236,m2618,Male,human,non-music
237,f2210,Female,human,non-music
238,m3330,Male,human,non-music
239,m1889,Male,human,non-music
240,m0,Male,human,non-music
241,f1100,Female,human,non-music
242,m1624,Male,human,non-music
243,m1095,Male,human,non-music
244,m1946,Male,human,non-music
245,f1191,Female,human,non-music
246,f447,Female,human,non-music
247,m1580,Male,human,non-music
248,m2025,Male,human,non-music
249,m2664,Male,human,non-music
250,f539,Female,human,non-music
251,f154,Female,human,non-music
252,m4,Male,human,non-music
253,m2757,Male,human,non-music
254,f1222,Female,human,non-music
255,f2035,Female,human,non-music
256,f2055,Female,human,non-music
257,f416,Female,human,non-music
258,f1855,Female,human,non-music
259,f705,Female,human,non-music
260,m2946,Male,human,non-music
261,m328,Male,human,non-music
262,m1843,Male,human,non-music
263,m1771,Male,human,non-music
264,f367,Female,human,non-music
265,m1962,Male,human,non-music
266,f351,Female,human,non-music
267,f2121,Female,human,non-music
268,m347,Male,human,non-music
269,m1948,Male,human,non-music
270,f1146,Female,human,non-music
271,f1627,Female,human,non-music
272,m2121,Male,human,non-music
273,f1987,Female,human,non-music
274,m3310,Male,human,non-music
275,f474,Female,human,non-music
276,f1505,Female,human,non-music
277,f1424,Female,human,non-music
278,f343,Female,human,non-music
279,m1783,Male,human,non-music
280,f477,Female,human,non-music
281,m2927,Male,human,non-music
282,f1752,Female,human,non-music
283,m181,Male,human,non-music
284,m2842,Male,human,non-music
285,f79,Female,human,non-music
286,m456,Male,human,non-music
287,f687,Female,human,non-music
288,m1169,Male,human,non-music
289,m281,Male,human,non-music
290,f913,Female,human,non-music
291,m1560,Male,human,non-music
292,m2967,Male,human,non-music
293,m653,Male,human,non-music
294,m3448,Male,human,non-music
295,m1651,Male,human,non-music
296,m3090,Male,human,non-music
297,m537,Male,human,non-music
298,m2786,Male,human,non-music
299,m2398,Male,human,non-music
300,f1251,Female,human,non-music
301,m2272,Male,human,non-music
302,f448,Female,human,non-music
303,f298,Female,human,non-music
304,f1511,Female,human,non-music
305,f426,Female,human,non-music
306,m393,Male,human,non-music
307,m3160,Male,human,non-music
308,m326,Male,human,non-music
309,m647,Male,human,non-music
310,m3323,Male,human,non-music
311,f1290,Female,human,non-music
312,m934,Male,human,non-music
313,f824,Female,human,non-music
314,m2316,Male,human,non-music
315,m3095,Male,human,non-music
316,m2412,Male,human,non-music
317,f1263,Female,human,non-music
318,m1694,Male,human,non-music
319,m2947,Male,human,non-music
320,m536,Male,human,non-music
321,m1112,Male,human,non-music
322,m418,Male,human,non-music
323,f1036,Female,human,non-music
324,m20,Male,human,non-music
325,m1581,Male,human,non-music
326,m969,Male,human,non-music
327,f1463,Female,human,non-music
328,m2590,Male,human,non-music
329,m2199,Male,human,non-music
330,f63,Female,human,non-music
331,m190,Male,human,non-music
332,f1786,Female,human,non-music
333,m1342,Male,human,non-music
334,m354,Male,human,non-music
335,m3566,Male,human,non-music
336,m798,Male,human,non-music
337,f232,Female,human,non-music
338,m3236,Male,human,non-music
339,m1511,Male,human,non-music
340,m1082,Male,human,non-music
341,m593,Male,human,non-music
342,m1937,Male,human,non-music
343,f1499,Female,human,non-music
344,f1261,Female,human,non-music
345,m3295,Male,human,non-music
346,m2241,Male,human,non-music
347,f1526,Female,human,non-music
348,m92,Male,human,non-music
349,m2387,Male,human,non-music
350,m3234,Male,human,non-music
351,f1035,Female,human,non-music
352,m1858,Male,human,non-music
353,m2920,Male,human,non-music
354,m3377,Male,human,non-music
355,f1352,Female,human,non-music
356,m9,Male,human,non-music
357,m368,Male,human,non-music
358,m259,Male,human,non-music
359,m841,Male,human,non-music
360,m1442,Male,human,non-music
361,m1900,Male,human,non-music
362,m102,Male,human,non-music
363,m1816,Male,human,non-music
364,f51,Female,human,non-music
365,m3609,Male,human,non-music
366,f1616,Female,human,non-music
367,m1053,Male,human,non-music
368,m3035,Male,human,non-music
369,f491,Female,human,non-music
370,f239,Female,human,non-music
371,f1709,Female,human,non-music
372,f513,Female,human,non-music
373,m3043,Male,human,non-music
374,f613,Female,human,non-music
375,m3022,Male,human,non-music
376,f2109,Female,human,non-music
377,f1442,Female,human,non-music
378,m137,Male,human,non-music
379,f950,Female,human,non-music
380,m3357,Male,human,non-music
381,m2909,Male,human,non-music
382,m3524,Male,human,non-music
383,f1317,Female,human,non-music
384,m734,Male,human,non-music
385,m3057,Male,human,non-music
386,m2203,Male,human,non-music
387,f482,Female,human,non-music
388,f942,Female,human,non-music
389,m2463,Male,human,non-music
390,m2956,Male,human,non-music
391,m2123,Male,human,non-music
392,m3496,Male,human,non-music
393,f1722,Female,human,non-music
394,m3244,Male,human,non-music
395,f2198,Female,human,non-music
396,m635,Male,human,non-music
397,m894,Male,human,non-music
398,m2878,Male,human,non-music
399,f1049,Female,human,non-music
400,m3567,Male,human,non-music
401,m1008,Male,human,non-music
402,m2951,Male,human,non-music
403,m2416,Male,human,non-music
404,f1074,Female,human,non-music
405,m323,Male,human,non-music
406,m3194,Male,human,non-music
407,m2515,Male,human,non-music
408,m1363,Male,human,non-music
409,f1177,Female,human,non-music
410,m785,Male,human,non-music
411,m2773,Male,human,non-music
412,m857,Male,human,non-music
413,f754,Female,human,non-music
414,m463,Male,human,non-music
415,m2497,Male,human,non-music
416,m130,Male,human,non-music
417,m3358,Male,human,non-music
418,m2877,Male,human,non-music
419,m2889,Male,human,non-music
420,f214,Female,human,non-music
421,m3230,Male,human,non-music
422,f710,Female,human,non-music
423,f246,Female,human,non-music
424,m3625,Male,human,non-music
425,m2640,Male,human,non-music
426,m1590,Male,human,non-music
427,m2073,Male,human,non-music
428,f1446,Female,human,non-music
429,m1940,Male,human,non-music
430,m443,Male,human,non-music
431,f2219,Female,human,non-music
432,f634,Female,human,non-music
433,m1862,Male,human,non-music
434,m2340,Male,human,non-music
435,f1233,Female,human,non-music
436,f1972,Female,human,non-music
437,m3442,Male,human,non-music
438,f2163,Female,human,non-music
439,m952,Male,human,non-music
440,m2938,Male,human,non-music
441,m1412,Male,human,non-music
442,m187,Male,human,non-music
443,m1662,Male,human,non-music
444,m1401,Male,human,non-music
445,m2611,Male,human,non-music
446,m1042,Male,human,non-music
447,m3345,Male,human,non-music
448,m3636,Male,human,non-music
449,f896,Female,human,non-music
450,m714,Male,human,non-music
451,f1120,Female,human,non-music
452,3-94342-A-25,footsteps,non-human,non-music
453,2-209478-A-25,footsteps,non-human,non-music
454,2-87412-A-24,coughing,non-human,non-music
455,5-236299-A-34,can_opening,non-human,non-music
456,5-177779-A-33,door_wood_creaks,non-human,non-music
457,4-111671-B-42,siren,non-human,non-music
458,3-129264-A-9,crow,non-human,non-music
459,3-136608-A-16,wind,non-human,non-music
460,3-154378-A-30,door_wood_knock,non-human,non-music
461,3-152020-C-36,vacuum_cleaner,non-human,non-music
462,3-152912-A-26,laughing,non-human,non-music
463,5-198373-A-46,church_bells,non-human,non-music
464,3-246513-B-16,wind,non-human,non-music
465,3-118658-B-41,chainsaw,non-human,non-music
466,5-188495-A-19,thunderstorm,non-human,non-music
467,3-151089-A-30,door_wood_knock,non-human,non-music
468,2-140147-A-38,clock_tick,non-human,non-music
469,4-213915-A-3,cow,non-human,non-music
470,3-148297-A-37,clock_alarm,non-human,non-music
471,1-50625-A-17,pouring_water,non-human,non-music
472,4-177835-A-24,coughing,non-human,non-music
473,5-194533-A-21,sneezing,non-human,non-music
474,5-251426-B-30,door_wood_knock,non-human,non-music
475,1-51805-F-33,door_wood_creaks,non-human,non-music
476,4-198841-A-37,clock_alarm,non-human,non-music
477,5-242932-B-26,laughing,non-human,non-music
478,3-112356-A-18,toilet_flush,non-human,non-music
479,2-131943-A-38,clock_tick,non-human,non-music
480,3-97909-B-49,hand_saw,non-human,non-music
481,2-39441-A-19,thunderstorm,non-human,non-music
482,3-133977-A-29,drinking_sipping,non-human,non-music
483,4-195805-A-13,crickets,non-human,non-music
484,1-56269-A-18,toilet_flush,non-human,non-music
485,3-139109-A-46,church_bells,non-human,non-music
486,1-39835-A-9,crow,non-human,non-music
487,3-152020-B-36,vacuum_cleaner,non-human,non-music
488,3-144028-A-0,dog,non-human,non-music
489,4-181955-B-3,cow,non-human,non-music
490,3-119120-A-48,fireworks,non-human,non-music
491,4-204683-A-31,mouse_click,non-human,non-music
492,5-222894-A-32,keyboard_typing,non-human,non-music
493,2-104952-A-16,wind,non-human,non-music
494,4-201988-A-44,engine,non-human,non-music
495,2-61618-A-46,church_bells,non-human,non-music
496,1-7057-A-12,crackling_fire,non-human,non-music
497,3-68630-B-40,helicopter,non-human,non-music
498,1-100210-A-36,vacuum_cleaner,non-human,non-music
499,3-102583-B-49,hand_saw,non-human,non-music
500,1-68670-A-34,can_opening,non-human,non-music
501,1-105224-A-22,clapping,non-human,non-music
502,3-68630-C-40,helicopter,non-human,non-music
503,2-87780-A-33,door_wood_creaks,non-human,non-music
504,5-244315-C-6,hen,non-human,non-music
505,3-153444-A-32,keyboard_typing,non-human,non-music
506,4-99644-B-4,frog,non-human,non-music
507,3-152020-A-36,vacuum_cleaner,non-human,non-music
508,5-103422-A-2,pig,non-human,non-music
509,3-108451-A-17,pouring_water,non-human,non-music
510,3-142005-A-10,rain,non-human,non-music
511,3-143929-A-10,rain,non-human,non-music
512,3-172179-A-31,mouse_click,non-human,non-music
513,3-171041-A-38,clock_tick,non-human,non-music
514,3-108160-A-23,breathing,non-human,non-music
515,1-20133-A-39,glass_breaking,non-human,non-music
516,4-107120-A-33,door_wood_creaks,non-human,non-music
517,1-39901-B-11,sea_waves,non-human,non-music
518,3-141559-A-45,train,non-human,non-music
519,3-115382-A-44,engine,non-human,non-music
520,5-156999-A-19,thunderstorm,non-human,non-music
521,3-112557-B-23,breathing,non-human,non-music
522,2-70367-A-33,door_wood_creaks,non-human,non-music
523,5-186924-A-12,crackling_fire,non-human,non-music
524,3-151213-A-24,coughing,non-human,non-music
525,4-149940-A-5,cat,non-human,non-music
526,2-112213-B-39,glass_breaking,non-human,non-music
527,4-188191-C-29,drinking_sipping,non-human,non-music
528,4-197454-A-28,snoring,non-human,non-music
529,3-185456-A-29,drinking_sipping,non-human,non-music
530,5-254832-B-15,water_drops,non-human,non-music
531,2-114280-A-0,dog,non-human,non-music
532,4-199261-A-0,dog,non-human,non-music
533,3-132601-A-24,coughing,non-human,non-music
534,4-163264-A-10,rain,non-human,non-music
535,5-194932-A-7,insects,non-human,non-music
536,5-259514-A-26,laughing,non-human,non-music
537,5-117250-A-2,pig,non-human,non-music
538,2-50665-A-20,crying_baby,non-human,non-music
539,5-178997-A-24,coughing,non-human,non-music
540,2-106072-A-36,vacuum_cleaner,non-human,non-music
541,1-15689-B-4,frog,non-human,non-music
542,1-85184-A-39,glass_breaking,non-human,non-music
543,5-197118-A-45,train,non-human,non-music
544,1-39923-A-1,rooster,non-human,non-music
545,3-97909-A-49,hand_saw,non-human,non-music
546,4-175000-A-40,helicopter,non-human,non-music
547,5-251963-A-47,airplane,non-human,non-music
548,2-152895-A-31,mouse_click,non-human,non-music
549,3-166546-A-34,can_opening,non-human,non-music
550,4-188287-A-9,crow,non-human,non-music
551,3-119120-B-48,fireworks,non-human,non-music
552,5-161270-B-33,door_wood_creaks,non-human,non-music
553,5-232802-A-31,mouse_click,non-human,non-music
554,5-188716-A-46,church_bells,non-human,non-music
555,3-141240-B-44,engine,non-human,non-music
556,2-100648-A-43,car_horn,non-human,non-music
557,2-184077-A-49,hand_saw,non-human,non-music
558,2-43806-A-42,siren,non-human,non-music
559,2-118459-B-32,keyboard_typing,non-human,non-music
560,4-151242-A-37,clock_alarm,non-human,non-music
561,2-188822-A-40,helicopter,non-human,non-music
562,5-198278-C-7,insects,non-human,non-music
563,5-207836-A-29,drinking_sipping,non-human,non-music
564,2-121978-A-29,drinking_sipping,non-human,non-music
565,2-85292-A-24,coughing,non-human,non-music
566,3-177083-A-22,clapping,non-human,non-music
567,4-102844-A-49,hand_saw,non-human,non-music
568,5-244178-A-32,keyboard_typing,non-human,non-music
569,3-166546-B-34,can_opening,non-human,non-music
570,3-172922-A-48,fireworks,non-human,non-music
571,5-172299-A-5,cat,non-human,non-music
572,5-202220-A-21,sneezing,non-human,non-music
573,1-21421-A-46,church_bells,non-human,non-music
574,4-218199-F-35,washing_machine,non-human,non-music
575,2-103423-A-3,cow,non-human,non-music
576,2-182508-B-8,sheep,non-human,non-music
577,1-61221-A-17,pouring_water,non-human,non-music
578,2-43802-A-42,siren,non-human,non-music
579,2-103424-A-3,cow,non-human,non-music
580,3-163607-B-13,crickets,non-human,non-music
581,4-210000-B-23,breathing,non-human,non-music
582,5-251962-A-47,airplane,non-human,non-music
583,3-93010-A-18,toilet_flush,non-human,non-music
584,2-118964-A-0,dog,non-human,non-music
585,3-159346-A-36,vacuum_cleaner,non-human,non-music
586,2-60795-A-26,laughing,non-human,non-music
587,2-7321-A-33,door_wood_creaks,non-human,non-music
588,3-157187-A-12,crackling_fire,non-human,non-music
589,4-251645-B-49,hand_saw,non-human,non-music
590,3-147965-A-12,crackling_fire,non-human,non-music
591,1-19898-C-41,chainsaw,non-human,non-music
592,5-197913-A-18,toilet_flush,non-human,non-music
593,3-152039-A-3,cow,non-human,non-music
594,1-20736-A-18,toilet_flush,non-human,non-music
595,2-123896-A-24,coughing,non-human,non-music
596,5-215449-A-47,airplane,non-human,non-music
597,3-163607-A-13,crickets,non-human,non-music
598,3-187549-A-6,hen,non-human,non-music
599,4-157296-A-24,coughing,non-human,non-music
600,5-150409-A-42,siren,non-human,non-music
601,3-141684-A-21,sneezing,non-human,non-music
602,5-204741-A-46,church_bells,non-human,non-music
603,4-205738-A-22,clapping,non-human,non-music
604,5-194899-A-3,cow,non-human,non-music
605,1-23222-A-19,thunderstorm,non-human,non-music
606,2-52085-A-4,frog,non-human,non-music
607,4-216349-A-34,can_opening,non-human,non-music
608,1-25781-A-48,fireworks,non-human,non-music
609,4-204777-A-39,glass_breaking,non-human,non-music
610,4-213915-C-3,cow,non-human,non-music
611,4-204121-A-39,glass_breaking,non-human,non-music
612,3-118972-B-41,chainsaw,non-human,non-music
613,3-145577-A-43,car_horn,non-human,non-music
614,5-220027-A-21,sneezing,non-human,non-music
615,3-144827-B-11,sea_waves,non-human,non-music
616,4-196671-A-8,sheep,non-human,non-music
617,1-79113-A-5,cat,non-human,non-music
618,4-175000-C-40,helicopter,non-human,non-music
619,1-72229-B-6,hen,non-human,non-music
620,5-257642-A-39,glass_breaking,non-human,non-music
621,1-110389-A-0,dog,non-human,non-music
622,5-244526-A-26,laughing,non-human,non-music
623,4-184434-A-21,sneezing,non-human,non-music
624,4-102871-A-42,siren,non-human,non-music
625,5-208810-A-11,sea_waves,non-human,non-music
626,5-177614-A-5,cat,non-human,non-music
627,1-58923-B-27,brushing_teeth,non-human,non-music
628,2-99796-A-32,keyboard_typing,non-human,non-music
629,1-26143-A-21,sneezing,non-human,non-music
630,4-167077-B-20,crying_baby,non-human,non-music
631,4-164859-A-1,rooster,non-human,non-music
632,2-109371-C-16,wind,non-human,non-music
633,3-180977-A-0,dog,non-human,non-music
634,5-253094-C-49,hand_saw,non-human,non-music
635,2-182508-A-8,sheep,non-human,non-music
636,5-194899-C-3,cow,non-human,non-music
637,1-61212-A-32,keyboard_typing,non-human,non-music
638,2-91912-B-33,door_wood_creaks,non-human,non-music
639,5-221567-A-22,clapping,non-human,non-music
640,2-146877-A-31,mouse_click,non-human,non-music
641,4-192236-A-0,dog,non-human,non-music
642,4-146200-A-36,vacuum_cleaner,non-human,non-music
643,3-127890-C-9,crow,non-human,non-music
644,3-144128-A-23,breathing,non-human,non-music
645,5-215658-B-12,crackling_fire,non-human,non-music
646,4-194246-A-13,crickets,non-human,non-music
647,1-59513-A-0,dog,non-human,non-music
648,2-25292-A-22,clapping,non-human,non-music
649,4-172736-B-36,vacuum_cleaner,non-human,non-music
650,4-117627-A-25,footsteps,non-human,non-music
651,4-130891-A-7,insects,non-human,non-music
652,1-59324-A-21,sneezing,non-human,non-music
653,3-166125-B-23,breathing,non-human,non-music
654,1-46272-A-12,crackling_fire,non-human,non-music
655,2-80313-A-28,snoring,non-human,non-music
656,4-99644-D-4,frog,non-human,non-music
657,3-159347-B-36,vacuum_cleaner,non-human,non-music
658,4-161303-B-5,cat,non-human,non-music
659,2-130979-A-21,sneezing,non-human,non-music
660,5-133989-B-42,siren,non-human,non-music
661,4-218199-D-35,washing_machine,non-human,non-music
662,3-164216-C-6,hen,non-human,non-music
663,2-25293-A-22,clapping,non-human,non-music
664,4-188878-A-30,door_wood_knock,non-human,non-music
665,4-161105-B-47,airplane,non-human,non-music
666,1-51037-A-16,wind,non-human,non-music
667,3-94343-A-25,footsteps,non-human,non-music
668,2-119102-A-21,sneezing,non-human,non-music
669,5-205589-A-17,pouring_water,non-human,non-music
670,3-108791-A-18,toilet_flush,non-human,non-music
671,5-213293-A-23,breathing,non-human,non-music
672,4-250869-B-2,pig,non-human,non-music
673,1-72195-B-37,clock_alarm,non-human,non-music
674,1-53501-A-32,keyboard_typing,non-human,non-music
675,2-88724-A-38,clock_tick,non-human,non-music
676,4-125072-B-19,thunderstorm,non-human,non-music
677,2-107351-B-20,crying_baby,non-human,non-music
678,music-fma-0080,hiphop/rap,vocal,music
679,music-fma-wa-0090,westernart/baroque,vocal,music
680,music-jamendo-0020,pop/gospel,vocal,music
681,music-fma-0116,hiphop,vocal,music
682,music-jamendo-0095,rap/metal/electronica,vocal,music
683,music-jamendo-0022,pop/gospel,vocal,music
684,music-jamendo-0037,pop,vocal,music
685,music-jamendo-0122,pop/folk,vocal,music
686,music-jamendo-0128,pop/rock/folk,vocal,music
687,music-fma-0092,hiphop,vocal,music
688,music-fma-0047,hiphop/rap,vocal,music
689,music-jamendo-0126,pop/electronica/hiphop,vocal,music
690,music-jamendo-0116,hiphop/rap,vocal,music
691,music-jamendo-0030,metal/rap,vocal,music
692,music-fma-0020,country,vocal,music
693,music-jamendo-0129,pop,vocal,music
694,music-fma-0095,pop,vocal,music
695,music-fma-0067,pop/folk,vocal,music
696,music-jamendo-0016,rap/metal,vocal,music
697,music-jamendo-0183,pop/folk,vocal,music
698,music-jamendo-0139,country/pop,vocal,music
699,music-fma-0076,hiphop/rap,vocal,music
700,music-jamendo-0186,pop,vocal,music
701,music-fma-0082,folk,vocal,music
702,music-fma-0062,hiphop/rap,vocal,music
703,music-fma-0021,pop/rock/dance,vocal,music
704,music-jamendo-0092,dance,vocal,music
705,music-jamendo-0106,pop/folk,vocal,music
706,music-jamendo-0123,pop/jazz/latin,vocal,music
707,music-jamendo-0067,pop/jazz,vocal,music
708,music-fma-0069,pop/folk,vocal,music
709,music-jamendo-0034,pop,vocal,music
710,music-jamendo-0197,rap/hiphop,vocal,music
711,music-fma-0066,hiphop/rap,vocal,music
712,music-fma-0013,hiphop,vocal,music
713,music-jamendo-0206,funk/rnb/electronica,vocal,music
714,music-jamendo-0167,rap/hiphop,vocal,music
715,music-jamendo-0161,funk/blues/jazz,vocal,music
716,music-jamendo-0195,rap/hiphop,vocal,music
717,music-fma-wa-0028,westernart/baroque,vocal,music
718,music-fma-0079,hiphop/rap,vocal,music
719,music-fma-0006,pop,vocal,music
720,music-fma-0077,hiphop/rap,vocal,music
721,music-jamendo-0119,pop/rock/soul,vocal,music
722,music-jamendo-0127,pop/hiphop,vocal,music
723,music-jamendo-0160,blues/funk,vocal,music
724,music-fma-0083,folk,vocal,music
725,music-jamendo-0112,hiphop/rap,vocal,music
726,music-fma-0044,hiphop/rap,vocal,music
727,music-fma-0094,hiphop,vocal,music
728,music-jamendo-0058,pop,vocal,music
729,music-jamendo-0056,pop,vocal,music
730,music-jamendo-0015,rap/metal,vocal,music
731,music-jamendo-0097,rap/metal/electronica,vocal,music
732,music-jamendo-0088,dance,vocal,music
733,music-jamendo-0117,hiphop/rap,vocal,music
734,music-fma-wa-0086,westernart/baroque,vocal,music
735,music-jamendo-0064,pop,vocal,music
736,music-jamendo-0103,pop/folk,vocal,music
737,music-fma-wa-0022,westernart/baroque,vocal,music
738,music-jamendo-0021,pop/gospel,vocal,music
739,music-jamendo-0099,rap/metal/hiphop,vocal,music
740,music-jamendo-0184,pop,vocal,music
741,music-jamendo-0121,blues/jazz/adventure,vocal,music
742,music-fma-0110,folk/indierock,vocal,music
743,music-fma-0018,country,vocal,music
744,music-jamendo-0059,adventure,vocal,music
745,music-jamendo-0141,country/pop,vocal,music
746,music-jamendo-0093,dance,vocal,music
747,music-jamendo-0193,rap/hiphop,vocal,music
748,music-jamendo-0012,rap/metal,vocal,music
749,music-jamendo-0118,hiphop/rap,vocal,music
750,music-fma-0009,pop,vocal,music
751,music-jamendo-0028,metal/rock,vocal,music
752,music-jamendo-0187,pop,vocal,music
753,music-jamendo-0019,pop/gospel,vocal,music
754,music-jamendo-0032,pop,vocal,music
755,music-fma-0068,pop/folk,vocal,music
756,music-jamendo-0113,hiphop/rap,vocal,music
757,music-fma-0084,folk,vocal,music
758,music-fma-0007,pop,vocal,music
759,music-fma-0025,pop/rock/dance,vocal,music
760,music-fma-0045,hiphop/rap,vocal,music
761,music-fma-0026,blues,vocal,music
762,music-fma-wa-0087,westernart/baroque,vocal,music
763,music-jamendo-0077,blues/rock/country,vocal,music
764,music-fma-0046,hiphop/rap,vocal,music
765,music-jamendo-0132,pop,vocal,music
766,music-jamendo-0031,pop,vocal,music
767,music-fma-0111,folk/indierock,vocal,music
768,music-jamendo-0182,pop,vocal,music
769,music-jamendo-0096,rap/metal,vocal,music
770,music-jamendo-0185,pop/soul/rnb,vocal,music
771,music-jamendo-0137,country/pop,vocal,music
772,music-jamendo-0010,rap/metal,vocal,music
773,music-jamendo-0135,pop,vocal,music
774,music-jamendo-0029,metal/rock,vocal,music
775,music-jamendo-0165,rap/hiphop,vocal,music
776,music-jamendo-0115,hiphop/rap,vocal,music
777,music-jamendo-0144,pop,vocal,music
778,music-fma-wa-0088,westernart/baroque,vocal,music
779,music-fma-0113,hiphop,vocal,music
780,music-jamendo-0087,dance,vocal,music
781,music-fma-0097,pop/electronica,vocal,music
782,music-fma-0112,folk,vocal,music
783,music-jamendo-0142,pop,vocal,music
784,music-fma-0106,pop,vocal,music
785,music-jamendo-0079,blues/rock,vocal,music
786,music-jamendo-0026,metal/rap,vocal,music
787,music-fma-wa-0083,westernart/baroque,vocal,music
788,music-fma-0093,hiphop,vocal,music
789,music-fma-0107,folk/indierock,vocal,music
790,music-fma-0105,pop,vocal,music
791,music-jamendo-0168,rap/hiphop,vocal,music
792,music-jamendo-0104,pop/folk,vocal,music
793,music-fma-0043,hiphop/rap,vocal,music
794,music-jamendo-0089,dance,vocal,music
795,music-jamendo-0069,pop,vocal,music
796,music-fma-0088,blues/rock/indierock,vocal,music
797,music-jamendo-0065,pop,vocal,music
798,music-fma-0015,hiphop,vocal,music
799,music-fma-0090,blues/rock/indierock,vocal,music
800,music-jamendo-0136,country/pop/folk,vocal,music
801,music-fma-wa-0027,westernart/baroque,vocal,music
802,music-jamendo-0105,pop/folk,vocal,music
803,music-jamendo-0073,country/blues/rock,vocal,music
804,music-jamendo-0181,pop/soul/rnb,vocal,music
805,music-jamendo-0033,pop,vocal,music
806,music-jamendo-0120,pop/folk,vocal,music
807,music-jamendo-0078,rock/funk/country,vocal,music
808,music-fma-0096,pop,vocal,music
809,music-jamendo-0164,pop,vocal,music
810,music-jamendo-0169,rap/hiphop,vocal,music
811,music-fma-0016,hiphop,vocal,music
812,music-jamendo-0143,pop/rock,vocal,music
813,music-jamendo-0140,country/pop,vocal,music
814,music-jamendo-0138,country/pop,vocal,music
815,music-jamendo-0101,pop/folk,vocal,music
816,music-fma-wa-0026,westernart/baroque,vocal,music
817,music-fma-0012,hiphop,vocal,music
818,music-jamendo-0171,rap/hiphop,vocal,music
819,music-fma-wa-0085,westernart/baroque,vocal,music
820,music-jamendo-0027,metal/rap,vocal,music
821,music-jamendo-0013,rap/metal,vocal,music
822,music-jamendo-0125,pop,vocal,music
823,music-jamendo-0163,pop/blues,vocal,music
824,music-jamendo-0035,pop,vocal,music
825,music-jamendo-0133,pop,vocal,music
826,music-jamendo-0130,pop,vocal,music
827,music-jamendo-0060,adventure,vocal,music
828,music-fma-0087,folk,vocal,music
829,music-jamendo-0036,pop,vocal,music
830,music-jamendo-0102,pop/folk,vocal,music
831,music-fma-0078,hiphop/rap,vocal,music
832,music-jamendo-0025,metal/rap,vocal,music
833,music-jamendo-0114,hiphop/rap,vocal,music
834,music-jamendo-0061,pop,vocal,music
835,music-jamendo-0091,dance,vocal,music
836,music-fma-wa-0018,westernart/baroque,vocal,music
837,music-fma-0064,hiphop/rap,vocal,music
838,music-jamendo-0146,pop/rock,vocal,music
839,music-jamendo-0111,hiphop/rap,vocal,music
840,music-fma-wa-0084,westernart/baroque,vocal,music
841,music-fma-wa-0024,westernart/baroque,vocal,music
842,music-fma-0108,folk/indierock,vocal,music
843,music-fma-0091,blues/rock/indierock,vocal,music
844,music-fma-0042,hiphop/rap,vocal,music
845,music-jamendo-0170,rap/hiphop,vocal,music
846,music-fma-0099,pop/electronica,vocal,music
847,music-jamendo-0011,rap/metal,vocal,music
848,music-jamendo-0208,adventure,vocal,music
849,music-jamendo-0076,blues/indierock,vocal,music
850,music-fma-0089,blues/rock/indierock,vocal,music
851,music-fma-0019,country,vocal,music
852,music-jamendo-0009,rap/metal,vocal,music
853,music-fma-0109,folk/indierock,vocal,music
854,music-fma-0063,hiphop/rap,vocal,music
855,music-jamendo-0066,pop,vocal,music
856,music-fma-0023,pop/rock/dance,vocal,music
857,music-fma-wa-0025,westernart/classical,vocal,music
858,music-jamendo-0017,rap/metal,vocal,music
859,music-jamendo-0068,pop/jazz,vocal,music
860,music-jamendo-0131,pop,vocal,music
861,music-jamendo-0124,pop/electronica,vocal,music
862,music-fma-0081,folk,vocal,music
863,music-fma-0065,hiphop/rap,vocal,music
864,music-jamendo-0038,pop/electronica,vocal,music
865,music-jamendo-0198,rap/hiphop,vocal,music
866,music-jamendo-0094,dance,vocal,music
867,music-fma-0074,hiphop/rap,vocal,music
868,music-fma-wa-0092,westernart/baroque,vocal,music
869,music-jamendo-0075,blues/rock/rnb,vocal,music
870,music-jamendo-0194,rap/hiphop,vocal,music
871,music-jamendo-0090,dance,vocal,music
872,music-jamendo-0196,rap/hiphop,vocal,music
873,music-jamendo-0098,rap/metal,vocal,music
874,music-fma-0014,hiphop,vocal,music
875,music-jamendo-0180,pop,vocal,music
876,music-fma-0008,pop,vocal,music
877,music-fma-wa-0020,westernart/baroque,vocal,music
878,music-fma-0017,country,vocal,music
879,music-jamendo-0153,pop/rap/rock/hiphop,vocal,music
880,music-fma-0104,pop,vocal,music
881,music-jamendo-0057,pop,vocal,music
882,music-jamendo-0162,blues,vocal,music
883,music-jamendo-0014,rap/metal,vocal,music
884,music-jamendo-0062,pop,vocal,music
885,music-jamendo-0018,pop/gospel,vocal,music
886,music-jamendo-0100,rap/metal/electronica,vocal,music
887,music-jamendo-0203,blues/pop/folk,vocal,music
888,music-jamendo-0166,rap/hiphop,vocal,music
889,music-fma-wa-0089,westernart/baroque,vocal,music
890,music-jamendo-0207,pop/funk/adventure,vocal,music
891,music-fma-0073,pop/folk,vocal,music
892,music-fma-0071,pop/folk,vocal,music
893,music-jamendo-0074,blues/rock/pop,vocal,music
894,music-jamendo-0204,adventure,vocal,music
895,music-jamendo-0209,folk/pop/funk,vocal,music
896,music-jamendo-0145,pop,vocal,music
897,music-fma-0024,pop/rock/dance,vocal,music
898,music-fma-wa-0091,westernart/baroque,vocal,music
899,music-fma-0075,hiphop/rap,vocal,music
900,music-jamendo-0023,pop/gospel,vocal,music
901,music-fma-0086,folk,vocal,music
902,music-jamendo-0080,rap/hiphop,vocal,music
903,music-fma-0022,pop/rock/dance,vocal,music
